<?xml version="1.0" encoding="UTF-8"?>
<playlist path_id="app_data/data/missions/serverplacebles" folder_path="data/missions/serverplacebles" file_store="4" name="Unnamed Addon">
	<locations location_id_counter="1" component_id_counter="1">
		<locations>
			<l id="1" tile="data/tiles/island_43_multiplayer_base.xml" name="MULTIPLAYER ISLAND BASE" is_env_mod="true" env_mod_spawn_num="1">
				<components>
					<c component_type="3" id="1" name="id_1" dynamic_object_type="2" character_outfit_category="11" character_type="1" vehicle_file_name="data/missions_working/vehicle_1.xml" vehicle_file_store="4" vehicle_is_static="true" vehicle_is_no_sleep="true" vehicle_is_invulnerable="true">
						<spawn_transform 00="0.707784" 02="0.706429" 10="-0.706427" 11="-0.00273" 12="0.707781" 20="0.001929" 21="-0.999996" 22="-0.001933" 30="-117.406395" 31="15.727149" 32="120.972588"/>
						<spawn_bounds>
							<min x="-8.125" y="-1.375" z="-1.375"/>
							<max x="0.625" y="0.125" z="3.875"/>
						</spawn_bounds>
						<spawn_local_offset x="3.75" y="0.625" z="-1.25"/>
						<graph_links/>
					</c>
				</components>
			</l>
		</locations>
	</locations>
</playlist>

